Name,Agreement Number,Upcoming EMI Due Date,Payment Made (Yes/No),Payment Made Date,Recent EMI Date,Recent Payment Date
John Doe,ACCT-12345,10/15/2023,Yes,10-10-2023,9/15/2023,09-10-2023
Jane Smith,ACCT-56789,10/20/2023,Yes,10/18/2023,9/20/2023,9/18/2023
David Johnson,ACCT-98765,10/25/2023,Yes,10/22/2023,9/25/2023,9/22/2023
Sarah Brown,ACCT-24680,10-12-2023,Yes,10-10-2023,09-12-2023,09-10-2023
Michael Lee,ACCT-13579,10/28/2023,Yes,10/25/2023,9/28/2023,9/25/2023
,,,,,,
,,,,,,
Name,Agreement Number,Upcoming EMI Due Date,Payment Made (Yes/No),Payment Made Date,Recent EMI Date,Recent Payment Date
Emily White,ACCT-54321,10/15/2023,No,N/A,9/15/2023,10-02-2023
Mark Turner,ACCT-98765,10/20/2023,No,N/A,9/20/2023,10-05-2023
Laura Miller,ACCT-13579,10/25/2023,No,N/A,9/25/2023,10-10-2023
Kevin Davis,ACCT-24680,10-12-2023,No,N/A,09-12-2023,10/15/2023
Jessica Clark,ACCT-56789,10/28/2023,No,N/A,9/28/2023,10/20/2023
